{
  "ref_points": [
    [
      530,
      37
    ],
    [
      884,
      18
    ],
    [
      1206,
      440
    ],
    [
      223,
      504
    ]
  ],
  "width_m": 12.5,
  "height_m": 47.0,
  "screen_resolution": [
    1280,
    720
  ],
  "screen_inches": 10.0,
  "ppi": 146.86047800548656,
  "homography": [
    [
      0.0481555059766408,
      0.0316568315520957,
      -26.69372093504716
    ],
    [
      0.020815951468904612,
      0.38783404315748515,
      -25.382313875346398
    ],
    [
      0.0002495192720733199,
      0.005281694932581533,
      1.0
    ]
  ]
}